{"stats":{"minecraft:picked_up":{"minecraft:bone":4,"minecraft:gravel":29,"minecraft:flint":5,"minecraft:dirt":22},"minecraft:mined":{"minecraft:grass":1,"minecraft:grass_block":19,"minecraft:gravel":29,"minecraft:dirt":5},"minecraft:used":{"minecraft:golden_apple":1,"minecraft:dirt":16,"minecraft:grass_block":3,"minecraft:stone":1,"minecraft:gravel":15},"minecraft:killed":{"minecraft:sheep":2,"minecraft:llama":2},"minecraft:custom":{"minecraft:deaths":3,"minecraft:time_since_rest":76,"minecraft:damage_taken":771,"minecraft:crouch_one_cm":1866,"minecraft:sprint_one_cm":103242,"minecraft:play_time":29830,"minecraft:damage_absorbed":30,"minecraft:walk_one_cm":35887,"minecraft:sneak_time":748,"minecraft:mob_kills":4,"minecraft:drop":10,"minecraft:jump":754,"minecraft:damage_dealt":857,"minecraft:leave_game":4,"minecraft:time_since_death":45,"minecraft:total_world_time":29830,"minecraft:fall_one_cm":14922,"minecraft:fly_one_cm":291852},"minecraft:dropped":{"minecraft:dirt":3,"minecraft:gravel":14,"minecraft:bone":4,"minecraft:flint":5}},"DataVersion":3465}